email,password
ethan.baker229@yahoo.com,PeakEB21*
kylie.nelson829@gmail.com,WildKN53#
patrick.sanders748@icloud.com,PeakPS47*
riley.davis215@outlook.com,PeakRD41@
damian.gomez218@icloud.com,FreeDG28#
ricky.gonzalez506@gmail.com,FastRG97$
paige.coleman162@icloud.com,NeonPC74@
blake.coleman246@gmail.com,CoolBC20$
ryan.murphy124@yahoo.com,EpicRM12*
matthew.torres553@yahoo.com,FreeMT62@
elijah.brooks820@gmail.com,BoldEB78$
chase.thomas993@gmail.com,WildCT72$
madison.okafor434@hotmail.com,BoldMO47@
leo.miller253@hotmail.com,ChillLM82*
alexandra.smith76@hotmail.com,NeonAS26#
madison.coleman160@outlook.com,EpicMC36#
jacob.wood723@icloud.com,FastJW79!
courtney.mitchell886@yahoo.com,HappyCM32#
pedro.jenkins25@yahoo.com,NeonPJ18#
cameron.clark747@outlook.com,PeakCC24$
mia.price335@icloud.com,BoldMP63$
allison.murphy524@icloud.com,CoolAM46*
charlotte.hall467@icloud.com,WildCH73$
chase.robinson468@yahoo.com,PeakCR81*
brittany.perez451@gmail.com,EpicBP50*
thomas.mitchell478@icloud.com,WildTM84!
victoria.perez345@icloud.com,FastVP89*
alexis.evans389@outlook.com,EpicAE53$
pedro.gonzalez773@gmail.com,HappyPG89@
robert.diaz988@outlook.com,NeonRD83$
cassidy.morgan519@outlook.com,FreeCM23$
matthew.nelson584@hotmail.com,HappyMN73#
cole.allen88@yahoo.com,PeakCA40$
dana.long544@outlook.com,PeakDL52#
jordan.gomez742@hotmail.com,NeonJG39#
gavin.sullivan894@gmail.com,FreeGS53@
cole.zhao795@hotmail.com,FreeCZ48*
aiden.mitchell299@gmail.com,NeonAM99$
isabella.hill62@yahoo.com,ChillIH46$
wesley.butler753@outlook.com,BoldWB96*
dylan.parker342@outlook.com,WildDP98$
nora.coleman845@gmail.com,HappyNC34*
gabrielle.baker319@hotmail.com,BoldGB24$
daniel.howard957@hotmail.com,NeonDH48*
alejandro.jones586@icloud.com,HappyAJ50$
elijah.ruiz539@icloud.com,FastER19$
christina.barnes647@outlook.com,WildCB22!
victor.cox422@hotmail.com,FastVC20*
david.murphy307@icloud.com,BoldDM59$
serena.howard886@gmail.com,NeonSH39*
jasmine.foster898@outlook.com,NeonJF71#
madison.richardson378@outlook.com,EpicMR23@
eva.cooper312@icloud.com,PeakEC27$
matthew.barnes455@icloud.com,CoolMB97#
demi.anderson250@yahoo.com,PeakDA36*
jasmine.coleman16@outlook.com,EpicJC12@
brenda.russell516@yahoo.com,PeakBR48$
destiny.cox282@hotmail.com,PeakDC47$
alejandro.miller321@icloud.com,EpicAM29$
genesis.robinson980@hotmail.com,WildGR55$
eva.zhao232@icloud.com,NeonEZ13@
daniel.cox765@hotmail.com,WildDC68#
ivan.davis279@icloud.com,ChillID66$
dawn.perez47@yahoo.com,HappyDP10@
genesis.lopez513@hotmail.com,HappyGL65!
dion.nguyen448@gmail.com,ChillDN61*
cassandra.ramirez360@yahoo.com,FastCR42@
crystal.taylor155@icloud.com,NeonCT45*
chloe.long661@gmail.com,ChillCL80!
ben.taylor254@icloud.com,PeakBT88@
omar.carter291@outlook.com,CoolOC84@
bianca.lewis317@yahoo.com,FreeBL34@
jacob.evans45@icloud.com,BoldJE66*
jordan.long473@outlook.com,PeakJL63@
maria.nelson851@icloud.com,FreeMN54!
elijah.reyes141@gmail.com,FastER70$
morgan.collins430@hotmail.com,CoolMC73*
jenna.torres999@outlook.com,PeakJT80!
dana.wood46@outlook.com,FastDW97$
brenda.martinez260@gmail.com,EpicBM16#
owen.evans377@hotmail.com,WildOE20$
jake.ward458@gmail.com,NeonJW91!
brooklyn.cox130@gmail.com,EpicBC56$
logan.coleman512@hotmail.com,PeakLC25#
david.nelson90@outlook.com,PeakDN79#
devon.campbell408@icloud.com,WildDC83!
gavin.castillo187@yahoo.com,HappyGC25*
diana.harris282@yahoo.com,CoolDH74@
justin.patel633@gmail.com,PeakJP47#
alexis.garcia321@outlook.com,EpicAG75*
chase.jackson255@yahoo.com,EpicCJ34@
liam.gomez50@gmail.com,FreeLG46*
sofia.bennett200@outlook.com,PeakSB67*
owen.robinson204@hotmail.com,HappyOR15!
olivia.scott403@hotmail.com,PeakOS75*
brianna.sanchez991@hotmail.com,ChillBS71@
jessica.anderson429@yahoo.com,BoldJA62*
nicole.edwards351@hotmail.com,NeonNE88$
ashley.johnson574@outlook.com,PeakAJ58$
hannah.clark249@gmail.com,BoldHC16!
angel.patterson329@outlook.com,ChillAP39*
cynthia.sanders292@icloud.com,FastCS74$
owen.mensah691@yahoo.com,WildOM64*
zoe.young310@hotmail.com,BoldZY17!
ivan.nguyen719@hotmail.com,PeakIN95@
dakota.richardson336@hotmail.com,BoldDR84$
alejandro.rodriguez474@outlook.com,HappyAR37*
amanda.barnes185@yahoo.com,WildAB67$
alexis.turner545@icloud.com,FreeAT54@
liam.garcia609@gmail.com,HappyLG41!
leo.james227@icloud.com,PeakLJ85@
tanner.cruz189@hotmail.com,BoldTC48@
christian.williams275@icloud.com,ChillCW95*
anthony.hall938@yahoo.com,WildAH69*
robert.johnson577@yahoo.com,NeonRJ80*
claudia.thomas782@icloud.com,FastCT55@
derek.vasquez423@yahoo.com,FastDV11@
christian.hughes833@icloud.com,CoolCH77@
alexandra.rodriguez308@gmail.com,WildAR80$
cassandra.bell923@hotmail.com,HappyCB19#
sara.young513@outlook.com,CoolSY53*
cody.lopez697@hotmail.com,ChillCL47@
dylan.adams369@outlook.com,WildDA67*
taylor.martin927@yahoo.com,WildTM31@
tiffany.james370@outlook.com,FreeTJ86*
omar.murphy836@hotmail.com,EpicOM87@
eva.rodriguez559@yahoo.com,BoldER66#
danny.miller946@icloud.com,PeakDM86!
axel.carter523@hotmail.com,EpicAC60$
pedro.jenkins804@yahoo.com,FreePJ22$
emma.turner529@yahoo.com,PeakET64$
serena.baker607@icloud.com,BoldSB36#
cassandra.sullivan626@icloud.com,FreeCS89@
tiffany.sanchez393@icloud.com,PeakTS98@
ariana.cooper987@hotmail.com,FreeAC63$
alexandra.rodriguez524@gmail.com,EpicAR79!
wesley.collins831@hotmail.com,ChillWC90$
demi.richardson721@outlook.com,PeakDR96!
logan.cox780@icloud.com,ChillLC90#
robert.nguyen596@gmail.com,EpicRN18*
chase.bell17@gmail.com,FreeCB10$
dylan.thomas85@outlook.com,WildDT90#
brian.walker9@outlook.com,FastBW71!
grace.taylor544@hotmail.com,FreeGT54@
pedro.morgan254@outlook.com,ChillPM87#
austin.martin512@hotmail.com,EpicAM50@
darryl.brown221@gmail.com,NeonDB90*
diana.ramirez550@outlook.com,CoolDR49$
finn.allen168@icloud.com,NeonFA31#
maria.reyes730@hotmail.com,EpicMR17$
riley.martin954@gmail.com,EpicRM41$
dominic.roberts378@yahoo.com,ChillDR41$
axel.kelly870@outlook.com,WildAK72!
derek.russell446@yahoo.com,NeonDR50$
ivan.clark478@outlook.com,PeakIC55@
kevin.castillo94@yahoo.com,HappyKC96#
elena.ortiz125@gmail.com,FastEO35$
dylan.ruiz44@icloud.com,WildDR60$
matthew.nelson629@hotmail.com,NeonMN73$
anthony.rivera935@hotmail.com,FastAR13#
liam.hill783@yahoo.com,FastLH32@
jasmine.perez58@yahoo.com,PeakJP71!
ethan.ruiz984@gmail.com,WildER85!
lara.torres388@outlook.com,HappyLT99*
derek.griffin172@gmail.com,NeonDG36@
jake.mitchell360@hotmail.com,FreeJM83@
david.kim165@gmail.com,FreeDK13$
leo.carter586@hotmail.com,HappyLC56!
diana.parker804@icloud.com,NeonDP21*
lara.reyes64@yahoo.com,PeakLR62*
mia.butler515@hotmail.com,FreeMB32@
dominic.martin566@outlook.com,HappyDM99*
christian.king393@icloud.com,FastCK45$
chase.wright919@outlook.com,NeonCW49#
tanner.wood889@outlook.com,CoolTW49*
ricky.watson378@icloud.com,CoolRW97!
patrick.davis292@gmail.com,FastPD83@
lucas.sanders434@icloud.com,BoldLS69#
mia.walker66@outlook.com,NeonMW43#
hannah.williams303@outlook.com,WildHW14*
james.reyes301@gmail.com,NeonJR81@
chris.sullivan967@hotmail.com,PeakCS25$
nicole.white500@outlook.com,HappyNW10$
sophia.morgan5@gmail.com,HappySM51*
patrick.jenkins393@hotmail.com,HappyPJ48#
sophia.anderson745@yahoo.com,ChillSA74@
demi.bennett50@gmail.com,WildDB25*
morgan.moore277@hotmail.com,CoolMM75*
brittany.foster303@yahoo.com,BoldBF98$
luis.taylor304@outlook.com,CoolLT32!
dylan.long117@icloud.com,NeonDL59$
jayden.scott627@gmail.com,FreeJS24$
victor.thompson355@icloud.com,ChillVT16!
claudia.taylor837@yahoo.com,ChillCT67!
bianca.robinson974@outlook.com,BoldBR68#
paige.lee535@outlook.com,FreePL27$
alexandra.morales111@icloud.com,ChillAM25$
gavin.clark517@icloud.com,BoldGC45$
patrick.turner516@hotmail.com,EpicPT81$
santiago.cox205@outlook.com,NeonSC28!
leo.ramirez949@icloud.com,EpicLR80!
darryl.rivera302@icloud.com,CoolDR33@
amara.kelly41@yahoo.com,ChillAK94#
ben.davis550@icloud.com,BoldBD94#
carlos.walker938@gmail.com,PeakCW46!
damian.garcia856@gmail.com,WildDG92!
dallas.morales418@icloud.com,WildDM65#
danny.bell951@hotmail.com,NeonDB87!
jack.richardson765@icloud.com,NeonJR96#
kayla.mitchell165@yahoo.com,NeonKM34!
michael.torres101@yahoo.com,EpicMT26@
omar.scott157@hotmail.com,WildOS31!
ariana.roberts662@hotmail.com,FastAR78@
dana.ross218@gmail.com,FreeDR93@
diamond.walker144@icloud.com,ChillDW82@
carlos.torres930@outlook.com,FreeCT15!
lara.reed837@outlook.com,FreeLR87!
jack.lewis425@outlook.com,FreeJL36*
grace.stewart913@hotmail.com,FastGS43@
denise.cox639@hotmail.com,EpicDC68*
jason.parker516@gmail.com,ChillJP79!
anthony.patel291@hotmail.com,BoldAP10!
luna.vega579@outlook.com,BoldLV62*
finn.wright802@yahoo.com,EpicFW80*
damian.hernandez82@hotmail.com,WildDH88*
axel.foster200@gmail.com,FastAF96!
brian.allen563@outlook.com,BoldBA87@
christian.vasquez711@icloud.com,FreeCV41#
madison.hall409@outlook.com,FreeMH50#
joshua.griffin212@yahoo.com,ChillJG55@
dallas.howard783@hotmail.com,ChillDH26!
brian.nguyen13@yahoo.com,CoolBN51#
justin.moore875@icloud.com,ChillJM26*
angel.delacroix432@icloud.com,PeakAD78#
luis.parker763@outlook.com,PeakLP81#
bianca.perez391@hotmail.com,FastBP31#
michael.watson278@icloud.com,PeakMW67$
justin.diaz98@gmail.com,HappyJD13$
maya.murphy540@yahoo.com,EpicMM70$
dominic.murphy423@outlook.com,HappyDM10*
claudia.long904@hotmail.com,BoldCL30$
michael.coleman279@hotmail.com,EpicMC12@
gavin.white239@gmail.com,FreeGW37#
marcus.kim557@icloud.com,NeonMK58!
jose.nguyen682@yahoo.com,NeonJN51@
leo.sullivan16@yahoo.com,WildLS41!
rebecca.taylor811@gmail.com,BoldRT50*
ariana.watson302@hotmail.com,ChillAW33*
miguel.vasquez376@icloud.com,WildMV33!
nora.mitchell99@hotmail.com,FastNM32!
ashley.reyes51@outlook.com,CoolAR11@
david.castillo968@yahoo.com,PeakDC59@
emma.patel691@icloud.com,CoolEP31@
ryan.mitchell624@yahoo.com,PeakRM42#
mason.roberts585@hotmail.com,HappyMR68#
mia.campbell583@yahoo.com,FreeMC32$
dennis.allen313@hotmail.com,FastDA51*
genesis.kim586@gmail.com,CoolGK61*
lily.bryant332@hotmail.com,WildLB56#
diamond.morales452@gmail.com,EpicDM29!
ethan.jenkins24@outlook.com,BoldEJ36*
luis.diaz206@hotmail.com,HappyLD18$
bianca.watson497@hotmail.com,FreeBW81!
blake.king641@outlook.com,NeonBK17#
thomas.griffin437@outlook.com,FastTG36@
noah.brown972@gmail.com,FastNB13#
destiny.rodriguez237@gmail.com,FreeDR27*
taylor.gonzalez68@yahoo.com,ChillTG72#
alejandro.morales532@hotmail.com,HappyAM81$
miguel.scott926@yahoo.com,FreeMS21*
brianna.edwards919@yahoo.com,NeonBE51@
samantha.roberts787@yahoo.com,FastSR30@
melissa.stewart921@yahoo.com,ChillMS42!
lily.roberts840@yahoo.com,EpicLR14@
alejandro.wright954@gmail.com,EpicAW58!
justin.scott586@hotmail.com,ChillJS46$
austin.delacroix726@outlook.com,CoolAD13$
maya.harris308@hotmail.com,CoolMH97#
antonio.cruz918@outlook.com,WildAC17*
rachel.brown861@gmail.com,PeakRB31*
morgan.gomez180@gmail.com,BoldMG21$
julia.williams397@hotmail.com,HappyJW97*
cassidy.johnson280@yahoo.com,CoolCJ11*
david.jenkins455@gmail.com,FreeDJ96!
diamond.lee838@yahoo.com,FreeDL82@
amanda.green882@hotmail.com,WildAG33#
maya.patel131@hotmail.com,CoolMP51*
antonio.martin214@hotmail.com,PeakAM98@
eva.russell569@gmail.com,NeonER61!
hunter.thompson545@outlook.com,ChillHT67@
patrick.campbell627@hotmail.com,FastPC47!
noah.white391@icloud.com,FastNW70@
grace.allen148@icloud.com,CoolGA27$
leo.white421@hotmail.com,ChillLW71#
allison.reed912@hotmail.com,CoolAR97*
tiffany.lee172@gmail.com,NeonTL17$
matthew.harris282@outlook.com,FastMH85@
diego.cox771@icloud.com,FreeDC91@
jake.ortiz309@icloud.com,WildJO70#
cassandra.walker940@hotmail.com,ChillCW93#
nicole.roberts852@gmail.com,CoolNR97$
denise.sullivan89@hotmail.com,ChillDS33!
luis.davis796@gmail.com,EpicLD17#
kevin.scott733@outlook.com,ChillKS42$
savannah.hill927@icloud.com,FreeSH71$
sofia.brooks548@outlook.com,NeonSB92@
ariana.butler144@gmail.com,ChillAB40$
carlos.miller827@hotmail.com,PeakCM29*
dion.bell15@yahoo.com,CoolDB68*
damian.baptiste346@icloud.com,ChillDB79@
cody.diaz948@hotmail.com,ChillCD58@
dawn.hughes709@yahoo.com,NeonDH76$
finn.reyes884@hotmail.com,BoldFR45!
riley.hughes258@outlook.com,CoolRH16*
dawn.ross204@outlook.com,EpicDR39!
danny.perez149@yahoo.com,WildDP57@
allison.nguyen779@outlook.com,ChillAN30*
logan.hall594@yahoo.com,HappyLH63!
elijah.nelson86@hotmail.com,BoldEN26#
jacob.watson766@hotmail.com,FastJW61@
miguel.morgan590@yahoo.com,HappyMM75#
christina.coleman893@yahoo.com,EpicCC44*
adrian.smith193@icloud.com,FastAS46!
julia.reed427@hotmail.com,EpicJR63$
taylor.ross498@hotmail.com,NeonTR82@
christian.hughes860@yahoo.com,CoolCH15#
ryan.nelson547@outlook.com,FreeRN28$
hannah.turner316@gmail.com,BoldHT67#
diego.richardson525@icloud.com,EpicDR87*
nathan.nelson221@icloud.com,FreeNN46@
amara.mitchell180@hotmail.com,ChillAM27@
austin.robinson28@gmail.com,NeonAR91$
brooklyn.collins994@gmail.com,ChillBC65#
grace.lee280@outlook.com,EpicGL16#
elena.sanchez331@outlook.com,EpicES22*
kevin.cruz852@yahoo.com,CoolKC24@
gavin.vega315@yahoo.com,CoolGV64!
amanda.collins68@outlook.com,CoolAC87@
jacob.vega518@hotmail.com,HappyJV77@
wesley.turner855@outlook.com,BoldWT75@
diego.jones395@outlook.com,NeonDJ97$
robert.edwards689@gmail.com,PeakRE94!
damian.lewis206@hotmail.com,FreeDL45*
emma.collins510@yahoo.com,CoolEC16!
allison.foster503@hotmail.com,PeakAF79!
jake.perez320@icloud.com,CoolJP82$
diamond.turner329@gmail.com,EpicDT54*
taylor.king254@yahoo.com,CoolTK49!
darryl.anderson585@icloud.com,FreeDA22@
christian.gomez49@outlook.com,BoldCG89!
ben.baptiste680@hotmail.com,WildBB42*
marcus.sullivan958@hotmail.com,FreeMS28@
taylor.hill263@hotmail.com,BoldTH24@
joshua.davis30@outlook.com,FastJD92!
ethan.rogers535@hotmail.com,BoldER86!
kayla.howard261@hotmail.com,CoolKH50*
chris.ward566@icloud.com,EpicCW97!
wesley.stewart809@gmail.com,FreeWS70$
chris.taylor811@yahoo.com,NeonCT50*
noah.nelson267@yahoo.com,BoldNN20$
dominic.ortiz719@yahoo.com,ChillDO43@
alejandro.morales230@yahoo.com,NeonAM73$
brooklyn.jackson633@icloud.com,ChillBJ97$
kayla.white754@hotmail.com,PeakKW17!
genesis.robinson184@outlook.com,FreeGR53$
gavin.phillips949@icloud.com,ChillGP43*
cameron.parker723@icloud.com,FreeCP15$
maya.evans843@outlook.com,HappyME77*
gabrielle.martinez952@gmail.com,CoolGM68$
nora.baptiste561@hotmail.com,WildNB42@
sophia.hughes306@icloud.com,NeonSH97*
zoe.martin577@hotmail.com,WildZM57*
lara.taylor540@hotmail.com,CoolLT71#
cody.bryant111@hotmail.com,CoolCB69*
nicole.russell639@outlook.com,BoldNR33!
james.thomas709@icloud.com,ChillJT88#
jessica.vega493@yahoo.com,PeakJV34!
ariana.parker600@yahoo.com,ChillAP60!
lena.white20@icloud.com,NeonLW92$
darryl.walker135@outlook.com,EpicDW70@
morgan.griffin49@gmail.com,EpicMG96@
dion.green230@icloud.com,HappyDG81#
finn.garcia746@outlook.com,PeakFG73!
thomas.patel855@icloud.com,FastTP20#
alexandra.vega967@gmail.com,HappyAV76!
cameron.thompson60@hotmail.com,PeakCT48#
savannah.williams554@outlook.com,PeakSW80#
connor.reyes643@hotmail.com,CoolCR67#
samantha.reed336@hotmail.com,FreeSR22@
bryan.miller532@icloud.com,WildBM66$
kayla.nguyen765@yahoo.com,ChillKN62!
nathan.long498@gmail.com,ChillNL63!
crystal.nelson487@hotmail.com,PeakCN91$
savannah.green554@gmail.com,NeonSG92!
finn.thompson986@gmail.com,BoldFT84$
paige.morris25@hotmail.com,CoolPM24!
connor.scott28@gmail.com,EpicCS28$
noah.ortiz68@icloud.com,HappyNO44*
lily.richardson463@gmail.com,ChillLR47@
kayla.ross47@yahoo.com,CoolKR27*
aiden.sanders924@gmail.com,PeakAS99$
savannah.edwards474@outlook.com,HappySE38!
ricky.barnes927@hotmail.com,BoldRB91$
damian.russell131@outlook.com,NeonDR34!
austin.lewis906@yahoo.com,PeakAL67#
derek.hall338@outlook.com,HappyDH71$
elena.stewart128@gmail.com,EpicES98!
santiago.miller239@hotmail.com,WildSM89*
emma.clark608@yahoo.com,PeakEC42#
nicholas.ross983@outlook.com,FastNR28$
tyler.king656@yahoo.com,FreeTK98$
kylie.adams478@hotmail.com,FreeKA52$
cole.coleman451@yahoo.com,BoldCC35#
jose.anderson933@gmail.com,WildJA93!
hector.cook546@icloud.com,WildHC91@
amanda.mensah521@icloud.com,FreeAM32#
justin.gonzalez884@yahoo.com,NeonJG64$
lauren.ross525@hotmail.com,FreeLR65$
rebecca.butler526@hotmail.com,BoldRB22!
jessica.watson935@outlook.com,EpicJW61$
alexis.kim867@yahoo.com,WildAK36$
owen.gonzalez703@icloud.com,HappyOG82!
morgan.campbell692@hotmail.com,ChillMC72!
alejandro.brooks12@yahoo.com,WildAB30!
julia.jenkins163@hotmail.com,PeakJJ97$
bryan.kelly472@icloud.com,FreeBK54#
sebastian.washington907@yahoo.com,PeakSW47!
tanner.nelson213@hotmail.com,FreeTN58#
ariana.ortiz562@yahoo.com,FreeAO45@
james.bryant158@icloud.com,HappyJB96*
savannah.ward54@hotmail.com,BoldSW41#
charlotte.moore836@outlook.com,BoldCM89@
savannah.gomez68@outlook.com,BoldSG62#
grace.kelly872@icloud.com,ChillGK67$
lily.smith141@outlook.com,BoldLS29$
matthew.johnson811@icloud.com,BoldMJ52#
destiny.lopez188@icloud.com,CoolDL34!
valentina.williams169@yahoo.com,FastVW87@
amanda.murphy625@icloud.com,HappyAM58$
amanda.foster5@gmail.com,WildAF60#
pedro.ramirez714@gmail.com,WildPR41@
bailey.coleman408@hotmail.com,WildBC31$
emma.sullivan834@yahoo.com,WildES99#
melissa.wilson181@outlook.com,BoldMW72@
wesley.stewart82@outlook.com,CoolWS53!
elena.gomez385@hotmail.com,FreeEG53*
rebecca.kelly468@icloud.com,ChillRK25*
brenda.mitchell654@outlook.com,HappyBM51$
angel.thompson301@hotmail.com,PeakAT83*
james.nelson679@hotmail.com,BoldJN31!
kylie.williams975@gmail.com,FreeKW21#
ethan.campbell960@yahoo.com,EpicEC58*
emma.martinez873@icloud.com,BoldEM73$
denise.johnson706@gmail.com,ChillDJ71@
chris.kim745@icloud.com,FastCK12*
jordan.washington100@yahoo.com,HappyJW48$
ricky.williams695@yahoo.com,FastRW17!
lily.barnes407@icloud.com,FastLB93$
gabrielle.perez24@hotmail.com,CoolGP85@
sophia.vasquez570@hotmail.com,PeakSV84*
nicole.collins589@yahoo.com,PeakNC42!
logan.james927@outlook.com,ChillLJ72#
kevin.cooper606@outlook.com,ChillKC64!
christian.garcia649@yahoo.com,PeakCG87@
claudia.mitchell656@gmail.com,NeonCM28@
darryl.morales542@outlook.com,ChillDM22!
anthony.russell10@hotmail.com,FastAR28$
wesley.lee294@outlook.com,BoldWL49!
anthony.phillips715@gmail.com,ChillAP34!
jasmine.bryant527@outlook.com,FastJB57!
kevin.jenkins958@icloud.com,EpicKJ10*
elijah.morris87@hotmail.com,CoolEM72!
riley.morgan832@outlook.com,FreeRM30@
tiffany.wright165@yahoo.com,NeonTW25$
gavin.cruz14@yahoo.com,WildGC86!
logan.howard718@yahoo.com,FreeLH23*
valentina.anderson886@gmail.com,PeakVA49@
morgan.coleman288@outlook.com,EpicMC16@
victor.evans373@outlook.com,HappyVE97*
dominic.clark43@hotmail.com,FreeDC22!
courtney.king645@gmail.com,FreeCK63*
cassidy.ramirez449@hotmail.com,WildCR61*
brenda.nguyen266@outlook.com,NeonBN80!
chris.taylor548@gmail.com,ChillCT57#
olivia.brooks225@outlook.com,HappyOB78*
zach.gonzalez209@hotmail.com,FreeZG39$
maya.anderson907@yahoo.com,ChillMA34!
bryan.cooper387@icloud.com,HappyBC26@
hannah.patterson836@yahoo.com,FastHP41!
hector.adams233@icloud.com,EpicHA93#
ethan.gonzalez366@gmail.com,CoolEG15*
morgan.smith897@gmail.com,EpicMS43!
matthew.cox131@yahoo.com,EpicMC73$
cassidy.richardson86@hotmail.com,ChillCR98@
pedro.lewis472@yahoo.com,BoldPL38!
anthony.reyes151@outlook.com,BoldAR19!
zach.okafor114@yahoo.com,ChillZO32*
dakota.price434@yahoo.com,WildDP26@
santiago.diaz663@icloud.com,CoolSD23!
